{
  "resourceType": "ImplementationGuide",
  "id": "ca.argentixinfo.howtopub",
  "url": "http://argentixinfo.com/ig/howtopub/ImplementationGuide/ca.argentixinfo.howtopub",
  "version": "1.1.0",
  "name": "HowToPubIG",
  "title": "How to Publish a FHIR Implementation Guide",
  "status": "active",
  "publisher": "Argentix Informatics, Inc.",
  "contact": [
    {
      "name": "Argentix Informatics, Inc.",
      "telecom": [
        {
          "system": "url",
          "value": "http://argentixinfo.com"
        },
        {
          "system": "email",
          "value": "elliot@argentixinfo.com"
        }
      ]
    },
    {
      "name": "Elliot Silver",
      "telecom": [
        {
          "system": "email",
          "value": "elliot@argentixinfo.com",
          "use": "work"
        },
        {
          "system": "url",
          "value": "http://argentixinfo.com",
          "use": "work"
        }
      ]
    }
  ],
  "description": "A Guide to HL7 IG Publisher's -go-publish feature",
  "jurisdiction": [
    {
      "coding": [
        {
          "code": "001",
          "system": "http://unstats.un.org/unsd/methods/m49/m49.htm"
        }
      ]
    }
  ],
  "packageId": "ca.argentixinfo.howtopub",
  "license": "CC-BY-NC-4.0",
  "fhirVersion": [
    "4.0.1"
  ],
  "definition": {
    "resource": [
      {
        "reference": {
          "reference": "StructureDefinition/MyPatient"
        },
        "name": "MyPatient",
        "description": "An example profile of the Patient resource.",
        "exampleBoolean": false
      },
      {
        "reference": {
          "reference": "Patient/PatientExample"
        },
        "name": "PatientExample",
        "description": "An example of a patient with a license to krill.",
        "exampleCanonical": "http://argentixinfo.com/ig/howtopub/StructureDefinition/MyPatient"
      }
    ],
    "page": {
      "nameUrl": "toc.html",
      "title": "Table of Contents",
      "generation": "html",
      "page": [
        {
          "nameUrl": "index.html",
          "title": "Home",
          "generation": "markdown"
        },
        {
          "nameUrl": "setup.html",
          "title": "Setting up the Publication Environment",
          "generation": "markdown"
        },
        {
          "nameUrl": "publication.html",
          "title": "Using IG Publisher -go-publish",
          "generation": "markdown"
        },
        {
          "nameUrl": "references.html",
          "title": "References",
          "generation": "markdown"
        },
        {
          "nameUrl": "artifacts.html",
          "title": "Artifacts",
          "generation": "html"
        },
        {
          "nameUrl": "about.html",
          "title": "About",
          "generation": "markdown"
        },
        {
          "nameUrl": "changes.html",
          "title": "Change History",
          "generation": "markdown"
        }
      ]
    },
    "parameter": [
      {
        "code": "copyrightyear",
        "value": "2024+"
      },
      {
        "code": "releaselabel",
        "value": "release"
      }
    ]
  }
}
