{
  "date" : "Thu, 20 Feb, 2025 21:17:59 -0800",
  "doco" : "For each file: start is seconds after start activity occurred. Length = milliseconds activity took",
  "files" : [
    {
      "name" : "/fsh-generated/resources/ImplementationGuide-ca.argentixinfo.howtopub.json",
      "size" : 3117,
      "processes" : [
        {
          "activity" : "load",
          "start" : 49,
          "length" : 46
        },
        {
          "activity" : "checkR4R4B",
          "start" : 51,
          "length" : 6
        },
        {
          "activity" : "generateNarratives",
          "start" : 51,
          "length" : 1351
        },
        {
          "activity" : "validate",
          "start" : 55,
          "length" : 1234
        },
        {
          "activity" : "scanForUsageStats",
          "start" : 67,
          "length" : 1
        },
        {
          "activity" : "generate1",
          "start" : 67,
          "length" : 181
        },
        {
          "activity" : "generate2",
          "start" : 71,
          "length" : 108
        },
        {
          "activity" : "generate2",
          "start" : 72,
          "length" : 1
        },
        {
          "activity" : "generateExampleZip",
          "start" : 93,
          "length" : 1
        },
        {
          "activity" : "generateValidationPack",
          "start" : 94,
          "length" : 2
        },
        {
          "activity" : "scanExamplesForR5",
          "start" : 100,
          "length" : 2
        }
      ]
    },
    {
      "name" : "fsh-generated/resources/Patient-PatientExample.json",
      "size" : 266,
      "processes" : [
        {
          "activity" : "loadResources",
          "start" : 49,
          "length" : 18
        },
        {
          "activity" : "generateNarratives",
          "start" : 53,
          "length" : 2
        },
        {
          "activity" : "validate",
          "start" : 53,
          "length" : 1
        },
        {
          "activity" : "validate",
          "start" : 67,
          "length" : 5
        },
        {
          "activity" : "generate1",
          "start" : 67,
          "length" : 36
        },
        {
          "activity" : "generate2",
          "start" : 71,
          "length" : 34
        }
      ]
    },
    {
      "name" : "fsh-generated/resources/StructureDefinition-MyPatient.json",
      "size" : 615,
      "processes" : [
        {
          "activity" : "loadResources",
          "start" : 49,
          "length" : 27
        },
        {
          "activity" : "load",
          "start" : 49,
          "length" : 66
        },
        {
          "activity" : "generateSnapshots",
          "start" : 49,
          "length" : 189
        },
        {
          "activity" : "loadDepInfo",
          "start" : 51,
          "length" : 1
        },
        {
          "activity" : "checkR4R4B",
          "start" : 51,
          "length" : 1
        },
        {
          "activity" : "generateNarratives",
          "start" : 53,
          "length" : 111
        },
        {
          "activity" : "validate",
          "start" : 53,
          "length" : 2570
        },
        {
          "activity" : "checkConformanceResources",
          "start" : 57,
          "length" : 1
        },
        {
          "activity" : "scanForUsageStats",
          "start" : 67,
          "length" : 1
        },
        {
          "activity" : "generate1",
          "start" : 67,
          "length" : 816
        },
        {
          "activity" : "generate2",
          "start" : 71,
          "length" : 1474
        },
        {
          "activity" : "generate2",
          "start" : 72,
          "length" : 5612
        },
        {
          "activity" : "generateValidationPack",
          "start" : 94,
          "length" : 26
        },
        {
          "activity" : "scanExamplesForR5",
          "start" : 100,
          "length" : 1
        }
      ]
    }
  ]
}
