{
  "url" : "http://argentixinfo.com/ig/howtopub/ImplementationGuide/ca.argentixinfo.howtopub",
  "name" : "HowToPubIG",
  "title" : "How to Publish a FHIR Implementation Guide",
  "description" : "A Guide to HL7 IG Publisher's -go-publish feature",
  "status" : "active",
  "package-id" : "ca.argentixinfo.howtopub",
  "ig-ver" : "1.1.0",
  "date" : "Thu, 20 Feb, 2025 21:17:59 -0800",
  "dateISO8601" : "2025-02-20T21:17:59-08:00",
  "errs" : 0,
  "warnings" : 0,
  "hints" : 1,
  "suppressed-hints" : 0,
  "suppressed-warnings" : 1,
  "version" : "4.0.1",
  "tool" : "5.0.0 (3)",
  "maxMemory" : 825141048
}
