<?xml version="1.0" encoding="UTF-8"?><Bundle xmlns="http://hl7.org/fhir"><type value="collection"/><entry/><entry><resource><OperationOutcome><extension url="http://hl7.org/fhir/StructureDefinition/operationoutcome-file"><valueString value="/Users/elliot/src/publication/temp/ca.argentixinfo.howtopub#1.1.0/fsh-generated/resources/ImplementationGuide-ca.argentixinfo.howtopub"/></extension></OperationOutcome></resource></entry><entry><resource><OperationOutcome><extension url="http://hl7.org/fhir/StructureDefinition/operationoutcome-file"><valueString value="/Users/elliot/src/publication/temp/ca.argentixinfo.howtopub#1.1.0/fsh-generated/resources/Patient-PatientExample"/></extension></OperationOutcome></resource></entry><entry><resource><OperationOutcome><extension url="http://hl7.org/fhir/StructureDefinition/operationoutcome-file"><valueString value="/Users/elliot/src/publication/temp/ca.argentixinfo.howtopub#1.1.0/fsh-generated/resources/StructureDefinition-MyPatient"/></extension><issue><extension url="http://hl7.org/fhir/StructureDefinition/operationoutcome-issue-line"><valueInteger value="1"/></extension><extension url="http://hl7.org/fhir/StructureDefinition/operationoutcome-issue-col"><valueInteger value="16993"/></extension><extension url="http://hl7.org/fhir/StructureDefinition/operationoutcome-issue-source"><valueString value="InstanceValidator"/></extension><extension url="http://hl7.org/fhir/StructureDefinition/operationoutcome-message-id"><valueCode value="MSG_DEPENDS_ON_DEPRECATED"/></extension><severity value="information"/><code value="business-rule"/><details><text value="The extension http://hl7.org/fhir/StructureDefinition/elementdefinition-maxValueSet|5.2.0 is deprecated"/></details><expression value="StructureDefinition/MyPatient: StructureDefinition.snapshot.element[4].binding.extension[0]"/></issue></OperationOutcome></resource></entry></Bundle>